<?xml version="1.0" encoding="UTF-8"?>
<project-private xmlns="http://www.netbeans.org/ns/project-private/1">
    <editor-bookmarks xmlns="http://www.netbeans.org/ns/editor-bookmarks/2" lastBookmarkId="0"/>
    <open-files xmlns="http://www.netbeans.org/ns/projectui-open-files/2">
        <group>
            <file>file:/C:/Users/chris/OneDrive/Escritorio/OAC/Arqui-master/src/vista/Ventana.java</file>
            <file>file:/C:/Users/chris/OneDrive/Escritorio/OAC/Arqui-master/src/controlador/ControladorVentana.java</file>
            <file>file:/C:/Users/chris/OneDrive/Escritorio/OAC/Arqui-master/src/main/mainAlgoritmoBooth.java</file>
            <file>file:/C:/Users/chris/OneDrive/Escritorio/OAC/Arqui-master/src/modelo/Booth.java</file>
        </group>
    </open-files>
</project-private>
